{"cameraMode":{"drawMode":0,"name":"Shaded","section":"Shading Mode"},"sceneLighting":true,"audioPlay":false,"sceneViewState":{"m_AlwaysRefresh":false,"showFog":true,"showSkybox":false,"showFlares":true,"showImageEffects":true,"showParticleSystems":true,"showVisualEffectGraphs":true,"m_FxEnabled":true},"in2DMode":false,"pivot":{"x":381.70001220703127,"y":30.029499053955079,"z":687.4774780273438},"rotation":{"x":-0.10746661573648453,"y":0.8422298431396484,"z":-0.18240736424922944,"w":-0.49594852328300478},"size":30.56871795654297,"orthographic":false}